{
  "implemented": true,
  "nationalPokedexNumber": 254,
  "name": "Sceptile",
  "primaryType": "grass",
  "maleRatio": 0.875,
  "height": 17,
  "weight": 522,
  "pokedex": ["cobblemon.species.sceptile.desc"],
  "labels": ["gen3"],
  "aspects": [],
  "abilities": ["overgrow", "h:unburden"],
  "eggGroups": ["monster", "dragon"],
  "baseStats": {
    "hp": 70,
    "attack": 85,
    "defence": 65,
    "special_attack": 105,
    "special_defence": 85,
    "speed": 120
  },
  "evYield": {
    "hp": 0,
    "attack": 0,
    "defence": 0,
    "special_attack": 0,
    "special_defence": 0,
    "speed": 3
  },
  "baseExperienceYield": 265,
  "experienceGroup": "medium_slow",
  "catchRate": 45,
  "eggCycles": 20,
  "baseFriendship": 50,
  "baseScale": 1.1,
  "hitbox": {
    "width": 1,
    "height": 2.2,
    "fixed": false
  },
  "behaviour": {
    "resting": {
      "canSleep": true,
      "light": "0-4"
    }
  },
  "drops": {
    "amount": 4,
    "entries": [
      {
        "item": "minecraft:stick",
        "quantityRange": "0-3"
      },
      {
        "item": "cobblemon:miracle_seed",
        "percentage": 25.0
      }
    ]
  },
  "moves": [
    "1:nightslash",
    "1:pound",
    "1:leer",
    "1:absorb",
    "1:quickattack",
    "1:xscissor",
    "1:pursuit",
    "1:leafblade",
    "1:agility",
    "1:falseswipe",
    "1:furycutter",
    "1:energyball",
    "1:dualchop",
    "1:leafage",
    "1:shedtail",
    "5:megadrain",
    "12:detect",
    "15:quickguard",
    "20:assurance",
    "25:gigadrain",
    "30:slam",
    "35:doubleteam",
    "42:screech",
    "49:endeavor",
    "56:leafstorm",
    "78:dracometeor"
    "egg:absorb",
    "egg:crushclaw",
    "egg:doublekick",
    "egg:dragonbreath",
    "egg:grasswhistle",
    "egg:leechseed",
    "egg:mudsport",
    "egg:naturalgift",
    "egg:nightslash",
    "egg:pursuit",
    "egg:razorwind",
    "egg:slash",
    "egg:synthesis",
    "egg:worryseed",
    "tm:acrobatics",
    "tm:aerialace",
    "tm:agility",
    "tm:assurance",
    "tm:bodyslam",
    "tm:breakingswipe",
    "tm:brickbreak",
    "tm:brutalswing",
    "tm:bulldoze",
    "tm:bulletseed",
    "tm:crosspoison",
    "tm:crunch",
    "tm:cut",
    "tm:dig",
    "tm:doubleedge",
    "tm:doubleteam",
    "tm:dragoncheer",
    "tm:dragonclaw",
    "tm:dragondance",
    "tm:dragonpulse",
    "tm:dragontail",
    "tm:drainpunch",
    "tm:dualchop",
    "tm:earthquake",
    "tm:endeavor",
    "tm:endure",
    "tm:energyball",
    "tm:facade",
    "tm:falseswipe",
    "tm:flash",
    "tm:fling",
    "tm:focusblast",
    "tm:focuspunch",
    "tm:frenzyplant",
    "tm:furycutter",
    "tm:gigadrain",
    "tm:gigaimpact",
    "tm:grassknot",
    "tm:grasspledge",
    "tm:grassyglide",
    "tm:grassyterrain",
    "tm:headbutt",
    "tm:helpinghand",
    "tm:honeclaws",
    "tm:hyperbeam",
    "tm:irontail",
    "tm:laserfocus",
    "tm:leafblade",
    "tm:leafstorm",
    "tm:lowkick",
    "tm:lowsweep",
    "tm:magicalleaf",
    "tm:megakick",
    "tm:megapunch",
    "tm:naturalgift",
    "tm:naturepower",
    "tm:outrage",
    "tm:poweruppunch",
    "tm:protect",
    "tm:rest",
    "tm:roar",
    "tm:rockclimb",
    "tm:rockslide",
    "tm:rocksmash",
    "tm:rocktomb",
    "tm:safeguard",
    "tm:scaleshot",
    "tm:screech",
    "tm:seedbomb",
    "tm:sleeptalk",
    "tm:solarbeam",
    "tm:solarblade",
    "tm:strength",
    "tm:substitute",
    "tm:sunnyday",
    "tm:swift",
    "tm:swordsdance",
    "tm:synthesis",
    "tm:takedown",
    "tm:terablast",
    "tm:thief",
    "tm:throatchop",
    "tm:thunderpunch",
    "tm:trailblaze",
    "tm:upperhand",
    "tm:vacuumwave",
    "tm:workup",
    "tm:worryseed",
    "tm:xscissor",
    "tutor:aerialace",
    "tutor:bulldoze",
    "tutor:dragonpulse",
    "tutor:drainpunch",
    "tutor:dualchop",
    "tutor:endeavor",
    "tutor:energyball",
    "tutor:falseswipe",
    "tutor:focuspunch",
    "tutor:frenzyplant",
    "tutor:furycutter",
    "tutor:gigadrain",
    "tutor:gigaimpact",
    "tutor:grasspledge",
    "tutor:grassyglide",
    "tutor:helpinghand",
    "tutor:hyperbeam",
    "tutor:irontail",
    "tutor:laserfocus",
    "tutor:lowkick",
    "tutor:magicalleaf",
    "tutor:outrage",
    "tutor:rest",
    "tutor:rockslide",
    "tutor:rocksmash",
    "tutor:scaleshot",
    "tutor:seedbomb",
    "tutor:sleeptalk",
    "tutor:swift",
    "tutor:synthesis",
    "tutor:throatchop",
    "tutor:thunderpunch",
    "tutor:vacuumwave",
    "tutor:worryseed",
    "tutor:xscissor"
  ],
  "preEvolution": "grovyle",
  "evolutions": [],
  "forms": [
    {
      "name": "Mega",
      "primaryType": "grass",
      "secondaryType": "dragon",
      "maleRatio": 0.875,
      "height": 19,
      "weight": 552,
      "pokedex": ["cobblemon.species.sceptile-mega.desc"],
      "labels": ["gen6", "mega"],
      "aspects": ["mega"],
      "abilities": ["contrary", "h:contrary"],
      "baseStats": {
        "hp": 70,
        "attack": 85,
        "defence": 75,
        "special_attack": 145,
        "special_defence": 95,
        "speed": 160
      },
      "baseExperienceYield": 315,
      "dynamaxBlocked": true,
      "evolutions": [],
      "battleOnly": false
    }
  ]
}
