{
  "implemented": true,
  "nationalPokedexNumber": 445,
  "name": "Garchomp",
  "primaryType": "dragon",
  "secondaryType": "ground",
  "maleRatio": 0.5,
  "height": 19,
  "weight": 950,
  "pokedex": ["cobblemon.species.garchomp.desc"],
  "labels": ["gen4", "powerhouse"],
  "aspects": [],
  "abilities": ["sandveil", "h:roughskin"],
  "eggGroups": ["monster", "dragon"],
  "baseStats": {
    "hp": 108,
    "attack": 130,
    "defence": 95,
    "special_attack": 80,
    "special_defence": 85,
    "speed": 102
  },
  "evYield": {
    "hp": 0,
    "attack": 3,
    "defence": 0,
    "special_attack": 0,
    "special_defence": 0,
    "speed": 0
  },
  "baseExperienceYield": 300,
  "experienceGroup": "slow",
  "catchRate": 45,
  "eggCycles": 40,
  "baseFriendship": 50,
  "baseScale": 1.1,
  "hitbox": {
    "width": 1.3,
    "height": 2.3,
    "fixed": false
  },
  "behaviour": {
    "moving": {
      "walk": {
        "walkSpeed": 0.55
      },
      "fly": {
        "canFly": true
      },
      "swim": {
        "canSwimInLava": true
      }
    }
  },
  "drops": {
    "amount": 2,
    "entries": [
      {
        "item": "cobblemon:dragon_fang",
        "percentage": 10.0
      },
      {
        "item": "cobblemon:haban_berry",
        "percentage": 10.0
      }
    ]
  },
  "moves": [
    "1:tackle",
    "1:sandattack",
    "1:dragonrage",
    "1:sandtomb",
    "1:crunch",
    "1:dualchop",
    "1:dragonbreath",
    "18:bulldoze",
    "27:bite",
    "34:slash",
    "42:dragonclaw",
    "52:dig",
    "62:sandstorm",
    "72:takedown",
    "82:dragonrush",
    "egg:doubleedge",
    "egg:metalclaw",
    "egg:thrash",
    "egg:twister",
    "tm:aerialace",
    "tm:aquatail",
    "tm:bodyslam",
    "tm:breakingswipe",
    "tm:brickbreak",
    "tm:brutalswing",
    "tm:bulldoze",
    "tm:crunch",
    "tm:cut",
    "tm:dig",
    "tm:doubleedge",
    "tm:dracometeor",
    "tm:dragoncheer",
    "tm:dragonclaw",
    "tm:dragonpulse",
    "tm:dragontail",
    "tm:dualchop",
    "tm:earthpower",
    "tm:earthquake",
    "tm:endure",
    "tm:facade",
    "tm:falseswipe",
    "tm:fireblast",
    "tm:firefang",
    "tm:flamethrower",
    "tm:fling",
    "tm:furycutter",
    "tm:gigaimpact",
    "tm:headbutt",
    "tm:helpinghand",
    "tm:honeclaws",
    "tm:hyperbeam",
    "tm:incinerate",
    "tm:ironhead",
    "tm:irontail",
    "tm:laserfocus",
    "tm:liquidation",
    "tm:metalclaw",
    "tm:mudshot",
    "tm:outrage",
    "tm:poisonjab",
    "tm:powergem",
    "tm:protect",
    "tm:raindance",
    "tm:rest",
    "tm:rockclimb",
    "tm:rockslide",
    "tm:rocksmash",
    "tm:rocktomb",
    "tm:sandstorm",
    "tm:sandtomb",
    "tm:scaleshot",
    "tm:scaryface",
    "tm:scorchingsands",
    "tm:shadowclaw",
    "tm:sleeptalk",
    "tm:spikes",
    "tm:stealthrock",
    "tm:stompingtantrum",
    "tm:stoneedge",
    "tm:strength",
    "tm:substitute",
    "tm:sunnyday",
    "tm:surf",
    "tm:swift",
    "tm:swordsdance",
    "tm:takedown",
    "tm:terablast",
    "tm:thunderfang",
    "tm:twister",
    "tutor:aerialace",
    "tutor:aquatail",
    "tutor:bulldoze",
    "tutor:dracometeor",
    "tutor:dragonpulse",
    "tutor:dualchop",
    "tutor:earthpower",
    "tutor:falseswipe",
    "tutor:firefang",
    "tutor:flamethrower",
    "tutor:furycutter",
    "tutor:gigaimpact",
    "tutor:helpinghand",
    "tutor:hyperbeam",
    "tutor:ironhead",
    "tutor:irontail",
    "tutor:laserfocus",
    "tutor:liquidation",
    "tutor:outrage",
    "tutor:poisonjab",
    "tutor:rest",
    "tutor:rockslide",
    "tutor:rocksmash",
    "tutor:scaleshot",
    "tutor:scorchingsands",
    "tutor:shadowclaw",
    "tutor:sleeptalk",
    "tutor:spikes",
    "tutor:stealthrock",
    "tutor:stompingtantrum",
    "tutor:stoneedge",
    "tutor:swift",
    "tutor:thunderfang",
    "tutor:twister"
  ],
  "preEvolution": "gabite",
  "evolutions": [],
  "forms": [
    {
      "name": "Mega",
      "primaryType": "dragon",
      "secondaryType": "ground",
      "maleRatio": 0.5,
      "height": 19,
      "weight": 950,
      "pokedex": ["cobblemon.species.garchomp-mega.desc"],
      "labels": ["gen6", "mega"],
      "aspects": ["mega"],
      "abilities": ["roughskin", "h:roughskin"],
      "baseStats": {
        "hp": 108,
        "attack": 170,
        "defence": 105,
        "special_attack": 80,
        "special_defence": 95,
        "speed": 142
      },
      "baseExperienceYield": 350,
      "dynamaxBlocked": true,
      "evolutions": [],
      "battleOnly": false
    }
  ]
}
